[   {
        "label": "Greetings",
        "message": "Hi! just wanted to chat with you.",
        "icon": "/public/greetings.jpeg"
    },
    {
        "label": "write a python code",
        "message": "write any simple python code and explain the synthax and logic.",
        "icon": "/public/python.jpeg"
    },
    {
        "label": "formal letter format",
        "message": "Provide a formal letter format with the following sections: Sender’s Address (Top Left) Date (Below sender’s address) Recipient’s Name and Address (Below date, on the left) Salutation/Greeting (e.g., Dear [Recipient's Name]) Body of the Letter (Introduction, main content, and conclusion) Closing Remarks (e.g., Sincerely, Yours Faithfully) Sender’s Signature and Name (Underneath the closing) Please format it with appropriate spacing and labeling.",
        "icon": "/public/write.png"
    },
    {
        "label": "support / help ",
        "message": "My computer is running really slow. Can you help me speed it up?",
        "icon": "/public/help.png"
    }
]