{
    "custom_fonts": [
        "https://fonts.googleapis.com/css2?family=Nunito:wght@300;400;600&display=swap"
    ],
    "variables": {
        "light": {
            "--font-sans": "'Inter', sans-serif",
            "--font-mono": "source-code-pro, Menlo, Monaco, Consolas, 'Courier New', monospace",
            "--background": "0 0% 100%",
            "--foreground": "0 0% 5%",
            "--card": "0 0% 100%",
            "--card-foreground": "0 0% 5%",
            "--popover": "0 0% 100%",
            "--popover-foreground": "0 0% 5%",
            "--primary": "340 92% 52%",
            "--primary-foreground": "0 0% 100%",
            "--secondary": "210 40% 96.1%",
            "--secondary-foreground": "222.2 47.4% 11.2%",
            "--muted": "0 0% 90%",
            "--muted-foreground": "0 0% 36%",
            "--accent": "0 0% 95%",
            "--accent-foreground": "222.2 47.4% 11.2%",
            "--destructive": "0 84.2% 60.2%",
            "--destructive-foreground": "210 40% 98%",
            "--border": "0 0% 90%",
            "--input": "0 0% 90%",
            "--ring": "340 92% 52%",
            "--radius": "0.75rem",
            "--sidebar-background": "0 0% 98%",
            "--sidebar-foreground": "240 5.3% 26.1%",
            "--sidebar-primary": "240 5.9% 10%",
            "--sidebar-primary-foreground": "0 0% 98%",
            "--sidebar-accent": "240 4.8% 95.9%",
            "--sidebar-accent-foreground": "240 5.9% 10%",
            "--sidebar-border": "220 13% 91%",
            "--sidebar-ring": "217.2 91.2% 59.8%"
        },
        "dark": {
            "--font-sans": "'Inter', sans-serif",
            "--font-mono": "Menlo, Monaco, Consolas, 'Courier New', monospace",
            "--background": "220 15% 15%",
            "--foreground": "220 20% 90%",
            "--card": "220 20% 18%",
            "--card-foreground": "220 25% 95%",
            "--popover": "220 20% 18%",
            "--popover-foreground": "220 25% 95%",
            "--primary": "210 80% 55%",
            "--primary-foreground": "0 0% 100%",
            "--secondary": "220 15% 25%",
            "--secondary-foreground": "220 25% 95%",
            "--muted": "220 10% 35%",
            "--muted-foreground": "220 10% 75%",
            "--accent": "280 40% 50%",
            "--accent-foreground": "0 0% 100%",
            "--destructive": "0 65% 50%",
            "--destructive-foreground": "220 25% 95%",
            "--border": "220 10% 30%",
            "--input": "220 10% 30%",
            "--ring": "210 80% 55%",
            "--radius": "0.8rem",
            "--sidebar-background": "220 15% 10%",
            "--sidebar-foreground": "220 25% 95%",
            "--sidebar-primary": "210 70% 50%",
            "--sidebar-primary-foreground": "0 0% 100%",
            "--sidebar-accent": "220 10% 20%",
            "--sidebar-accent-foreground": "220 25% 95%",
            "--sidebar-border": "220 10% 25%",
            "--sidebar-ring": "210 80% 55%"
        }
    }
}
